{
    "the_world_summon": {
      "sounds": [
        "suit/the_world_summon"
      ],
      "category": "player"
    },
    "the_world_time_stop": {
      "sounds": [
        "suit/the_world_time_stop"
      ],
      "category": "player"
    },
    "the_world_dissapear": {
      "sounds": [
        "suit/the_world_dissapear"
      ],
      "category": "player"
    },
    "star_platinum_summon": {
      "sounds": [
        "suit/star_platinum_summon"
      ],
      "category": "player"
    },
    "stand_summon": {
      "sounds": [
        "suit/stand_summon"
      ],
      "category": "player"
    },
    "the_hand_effect": {
      "sounds": [
        "suit/the_hand_effect"
      ],
      "category": "player"
    },
    "symbiote_on": {
      "sounds": [
        "suit/symbiote_on"
      ],
      "category": "player"
    },
    "symbiote_off": {
      "sounds": [
        "suit/symbiote_off"
      ],
      "category": "player"
    },
    "symbiote_climb_1": {
      "sounds": [
        "suit/symbiote_climb_1"
      ],
      "category": "player"
    },
    "symbiote_climb_2": {
      "sounds": [
        "suit/symbiote_climb_2"
      ],
      "category": "player"
    },
    "symbiote_strike_1": {
      "sounds": [
        "suit/symbiote_strike_1"
      ],
      "category": "player"
    },
    "symbiote_strike_2": {
      "sounds": [
        "suit/symbiote_strike_2"
      ],
      "category": "player"
    },
    "symbiote_tentacles_disable": {
      "sounds": [
        "suit/symbiote_tentacles_disable"
      ],
      "category": "player"
    },
    "symbiote_tentacles_enable": {
      "sounds": [
        "suit/symbiote_tentacles_enable"
      ],
      "category": "player"
    },
    "symbiote_unanchor": {
      "sounds": [
        "suit/symbiote_unanchor"
      ],
      "category": "player"
    }
}