{
    "the_world_summon": {
      "sounds": [
        "suit/the_world_summon"
      ],
      "category": "player"
    },
    "the_world_time_stop": {
      "sounds": [
        "suit/the_world_time_stop"
      ],
      "category": "player"
    },
    "the_world_dissapear": {
      "sounds": [
        "suit/the_world_dissapear"
      ],
      "category": "player"
    },
    "star_platinum_summon": {
      "sounds": [
        "suit/star_platinum_summon"
      ],
      "category": "player"
    },
    "stand_summon": {
      "sounds": [
        "suit/stand_summon"
      ],
      "category": "player"
    },
    "the_hand_effect": {
      "sounds": [
        "suit/the_hand_effect"
      ],
      "category": "player"
    },
    "symbiote_on": {
      "sounds": [
        "suit/symbiote_on"
      ],
      "category": "player"
    },
    "symbiote_off": {
      "sounds": [
        "suit/symbiote_off"
      ],
      "category": "player"
    }
}